{"eval_frac_loss": [0.6422801911830902, {"_type": "histogram", "values": [1, 0, 0, 0, 2, 1, 2, 2, 3, 4, 1, 4, 3, 3, 6, 2, 2, 3, 3, 6, 3, 2, 2, 0, 2, 1, 1, 1, 0, 0, 0, 4], "bins": [0.408203125, 0.412353515625, 0.41650390625, 0.42041015625, 0.424560546875, 0.4287109375, 0.4326171875, 0.436767578125, 0.44091796875, 0.445068359375, 0.44921875, 0.453125, 0.457275390625, 0.46142578125, 0.46533203125, 0.469482421875, 0.4736328125, 0.477783203125, 0.48193359375, 0.48583984375, 0.489990234375, 0.494140625, 0.498046875, 0.50244140625, 0.50634765625, 0.51025390625, 0.5146484375, 0.5185546875, 0.5224609375, 0.52685546875, 0.53076171875, 0.53515625, 0.5390625]}], "_timestamp": 1665898591.6005664, "_runtime": 13.21642541885376, "_step": 1, "frac_loss": 0.6984652280807495, "lr": 6.11262021936289e-05, "_wandb": {"runtime": 13}}