{"lr-AdamW": 1e-05, "trainer/global_step": 2409, "_timestamp": 1663172755.2451646, "_runtime": 9113.604097604752, "_step": 496, "train/loss": 0.5683059692382812, "epoch": 3, "valid/loss": 0.5600006580352783}